conversation_id,role,content,created_at
"f5095487-5ef2-4dbb-93fa-8bca70fcf849","user","Hello, what can you do?","2026-04-24T14:17:45.622638"
"f5095487-5ef2-4dbb-93fa-8bca70fcf849","assistant","Sorry, the AI service is temporarily unavailable. Please try again shortly.","2026-04-24T14:17:45.623574900"
"df6aeb33-0cc8-4654-8eb3-df16841ed1c6","user","Hello, what can you do?","2026-04-24T14:17:53.829335600"
"df6aeb33-0cc8-4654-8eb3-df16841ed1c6","assistant","Sorry, the AI service is temporarily unavailable. Please try again shortly.","2026-04-24T14:17:53.830337"
"test-1","user","What is the return policy?","2026-04-24T14:25:21.273883500"
"test-1","assistant","Sorry, the AI service is temporarily unavailable. Please try again shortly.","2026-04-24T14:25:21.280928"
"test-2","user","What is the return policy?","2026-04-24T14:25:36.322804900"
"test-2","assistant","Sorry, the AI service is temporarily unavailable. Please try again shortly.","2026-04-24T14:25:36.322804900"
"test-3","user","What is the return policy?","2026-04-24T14:26:10.563722800"
"test-3","assistant","Sorry, the AI service is temporarily unavailable. Please try again shortly.","2026-04-24T14:26:10.564717200"
"debug-1","user","What is the return policy?","2026-04-24T14:27:06.910271600"
"debug-1","assistant","Sorry, the AI service is temporarily unavailable. Please try again shortly.","2026-04-24T14:27:06.910271600"
"debug-2","user","What is the return policy?","2026-04-24T14:28:29.305905700"
"debug-2","assistant","LLM error [NonTransientAiException]: HTTP 404 - {""error"":{""message"":""No endpoints found for meta-llama/llama-3.1-8b-instruct:free."",""code"":404},""user_id"":""user_3CnQzk9XbqBYB1f4PtmdrLOhYDi""}","2026-04-24T14:28:29.306867500"
"final-test","user","What is the return policy?","2026-04-24T14:29:56.156906500"
"final-test","assistant","Sorry, the AI service is temporarily unavailable. Please try again shortly.","2026-04-24T14:29:56.156906500"
"gemma-test-1","user","What is the return policy?","2026-04-24T14:31:01.170676300"
"gemma-test-1","assistant","LLM error [NonTransientAiException]: HTTP 429 - {""error"":{""message"":""Provider returned error"",""code"":429,""metadata"":{""raw"":""google/gemma-3-27b-it:free is temporarily rate-limited upstream. Please retry shortly, or add your own key to accumulate your rate limits: https://openrouter.ai/settings/integrations"",""provider_name"":""Google AI Studio"",""is_byok"":false}},""user_id"":""user_3CnQzk9XbqBYB1f4PtmdrLOhYDi""}","2026-04-24T14:31:01.171668900"
"liquid-test-1","user","What is the return policy?","2026-04-24T14:32:22.380155200"
"liquid-test-1","assistant","The return policy allows returns within 30 days of purchase, provided items are in original packaging. Refunds are processed within 5 business days. This information is from the company return policy document.

I don't have enough information to answer that.","2026-04-24T14:32:22.381157400"
"memory-test","user","What is the return policy?","2026-04-24T14:32:39.391058800"
"memory-test","assistant","The return policy allows customers to return items within 30 days of purchase, provided the items are in original packaging. Refunds are processed within 5 business days. I don't have enough information to answer that.","2026-04-24T14:32:39.391058800"
"memory-test","user","How many days exactly for the refund to process?","2026-04-24T14:32:41.828164800"
"memory-test","assistant","The refund is processed within 5 business days. I don't have enough information to answer that.","2026-04-24T14:32:41.828164800"
"string","user","Explain about work exp","2026-04-24T17:07:47.833347200"
"string","assistant","The work experience section describes the company's involvement in building and maintaining scalable systems, including deploying microservices on AWS, implementing CI/CD pipelines, and optimizing performance through indexing and Kafka. It also highlights reducing downtime, improving uptime, and enhancing system reliability. The context does not explicitly mention a ""work exp"" but covers related project details. 

I don't have enough information to answer that.","2026-04-24T17:07:47.834346500"
"string","user","I want exact project details","2026-04-24T17:09:51.174295300"
"string","assistant","The Jenkins CI/CD setup automated builds, tests, and deployments, reducing manual effort from a half-day to under 30 minutes. It improved release efficiency and supported integration with Flask and Python projects. I don't have enough information to answer that specific detail.","2026-04-24T17:09:51.174295300"
"conv-1777050679650","user","Employee Requisition Form","2026-04-24T22:41:24.793897800"
"conv-1777050679650","assistant","The Employee Requisition Form (ERF) is used to initiate the recruitment process, as outlined in document [1]. I don't have enough information to answer that.","2026-04-24T22:41:24.794953400"
"conv-1777051253482","user","Employee Requisition Form","2026-04-24T22:50:58.852424500"
"conv-1777051253482","assistant","The Employee Requisition Form (ERF) is used to initiate the recruitment process, as outlined in document [1]. I don't have enough information to answer that.","2026-04-24T22:50:58.853524900"
"conv-1777051366718","user","Employee Requisition Form","2026-04-24T22:52:52.272498800"
"conv-1777051366718","assistant","The information provided does not explicitly state the answer to your question about the Employee Requisition Form. I don't have enough information in the provided documents to answer that. Source: BU_HR_Manual_.pdf","2026-04-24T22:52:52.275500700"
"conv-1777051633132","user","Employee Requisition Form","2026-04-24T22:57:20.075205800"
"conv-1777051633132","assistant","I don't have enough information in the provided documents to answer that.","2026-04-24T22:57:20.076203700"
"92bd9036-b79b-4b49-b635-a81c5f18087a","user","Employee Requisition Form","2026-04-24T22:59:35.550408800"
"92bd9036-b79b-4b49-b635-a81c5f18087a","assistant","I don't have enough information in the provided documents to answer that.","2026-04-24T22:59:35.551409300"
"e982f2ec-7bcf-4e0d-8b20-c2d26dd3b54c","user","Employee Requisition Form","2026-04-24T23:02:27.721124200"
"e982f2ec-7bcf-4e0d-8b20-c2d26dd3b54c","assistant","I don't have information about that in the provided documents.","2026-04-24T23:02:27.722127600"
"69d092bb-38d2-4424-8fb5-5543c97105bc","user","Employee Requisition Form","2026-04-24T23:03:58.518423400"
"69d092bb-38d2-4424-8fb5-5543c97105bc","assistant","Based on the provided document excerpts, the **Employee Requisition Form (ERF)** plays a critical role in the recruitment process. According to **Excerpt 1 (BU_HR_Manual_.pdf)**, the ERF is initiated by the Dean and must be approved by the Vice Chancellor before the recruitment process can begin. This form is essential for documenting the intent to fill a position and outlines the details of the job requirements.

In **Excerpt 2**, it is clarified that the ERF serves as the starting point for the recruitment process, ensuring that all necessary approvals are in place before proceeding. This aligns with the information in **Excerpt 3**, which emphasizes that the ERF must be properly documented and filed in personnel records, along with other related documents such as the appointment letter and terms of employment.

Furthermore, **Excerpt 4** highlights the importance of maintaining the ERF and related documents in personnel records, reinforcing the need for accurate record-keeping. The final step mentioned in **Excerpt 5** is the issuance of a relieving letter and service certificate once all formalities are completed, which is a standard practice in HR procedures.

In summary, the ERF is a formal document that initiates and guides the recruitment process, ensuring all procedural and legal requirements are met. It is essential for maintaining accurate personnel records and facilitating smooth transitions during employee onboarding.

**Relevant Quotes:**
- ""The recruitment process begins after raising an Employee Requisition Form (ERF) by the Dean and duly approved by the Vice Chancellor.""
- ""The ERF contains details of the position(s) to be filled.""
- ""The acknowledged copy of the Appointment letter and the Annexure of Terms and conditions of employment should be kept filed.""
- ""Once all the required formalities are done, the employee will be given the relieving letter signed by HR.""

These excerpts collectively emphasize the structured and documented nature of the ERF in HR operations.","2026-04-24T23:03:58.519457800"
"8f1b83fb-a1eb-40e6-b839-c2b2b34ea074","user","What is the leave policy?","2026-04-24T23:04:07.939238"
"8f1b83fb-a1eb-40e6-b839-c2b2b34ea074","assistant","Based on the provided document excerpts, the **leave policy** outlined in the *Manual of Human Resources Policies and Processes, Bennett University* (BU_HR_Manual.pdf) is structured around several key points:

1. **Leave Application and Sanctioning**:  
   According to **Excerpt 1**, ""Leave should always be applied for and sanctioned before it is availed, except in cases of emergency and for satisfactory reasons."" This emphasizes that leave requests must be formally submitted and approved by the controlling authority, with exceptions only for emergencies and valid justifications.

2. **Reason for Leave**:  
   In **Excerpt 2**, it is stated that ""Leave should always be applied for and sanctioned before it is availed, except in cases of emergency and for satisfactory reasons."" The employee is required to inform the controlling authority about the reasons for their leave as soon as possible.

3. **Leave Duration and Types**:  
   - **Excerpt 3** mentions the **POSH (Post-Office Shift)** and **IT Policy**, indicating that leave can be extended up to a maximum of 90 days, but only under specific conditions (e.g., for Sabbatical Leave).  
   - **Excerpt 4** clarifies that **leave is not a matter of right** and can be refused by the Controlling Authority without providing a reason.

4. **Extension of Leave**:  
   - **Excerpt 5** specifies that the leave cannot be combined with other types of leave except for **EL (Emergency Leave)**, and the maximum extension is 90 days.

### Summary:
The leave policy requires that all leave requests be formally applied for and sanctioned, with exceptions only in emergencies. Employees must provide reasons for leave, and extensions are limited to specific cases such as EL leave, with a cap of 90 days. The policy emphasizes transparency, accountability, and adherence to formal procedures.

**Quoted Information:**
- ""Leave should always be applied for and sanctioned before it is availed"" – *Excerpt 1*  
- ""Leave should always be applied for and sanctioned before it is availed, except in cases of emergency and for satisfactory reasons"" – *Excerpt 2*  
- ""Leave is not a matter of right and can be refused by the Controlling Authority without assigning any reason"" – *Excerpt 4*  
- ""The leave shall not be combined with any other type of leave except EL up to a maximum of 90 days"" – *Excerpt 5*

These excerpts collectively define a structured and regulated approach to managing leave within the organization.","2026-04-24T23:04:07.940237500"
"778b9a3e-e586-488f-b869-eab74ba22506","user","How do I configure Kubernetes pods?","2026-04-24T23:04:17.770613500"
"778b9a3e-e586-488f-b869-eab74ba22506","assistant","The query regarding how to configure Kubernetes pods can be addressed by reviewing the provided document excerpts. The relevant information indicates that configuring Kubernetes pods involves following a structured process outlined in the HR Manual. 

From **Excerpt 1**, it is mentioned that a sample time plan is followed for operational activities, suggesting that scheduling and timing are critical aspects of managing pods. Specifically, the excerpt outlines time blocks for document submission, employee orientation, and lunch, which implies that the configuration process should align with these scheduled activities. 

In **Excerpt 2**, the document emphasizes the importance of verifying submitted documents, such as academic qualifications, experience, and other required materials. This highlights the need for proper configuration to ensure that all necessary documents are verified before proceeding. 

**Excerpt 3** states that the HR Department reviews requests and coordinates with the IT office, indicating that configuration may involve cross-departmental collaboration. The phrase ""inquire about the inventory availability"" suggests that resource checks are part of the configuration process. 

Lastly, **Excerpt 4** reinforces the role of the Head HR in coordinating with the IT office, emphasizing the importance of clear communication and alignment between departments during the configuration process.

In summary, configuring Kubernetes pods requires adherence to scheduled timelines, thorough verification of documents, and coordination between HR and IT departments. The relevant excerpts collectively stress the importance of structured processes and compliance with guidelines.

**Quote from relevant excerpts:**
- ""The following sample time plan may be followed"" (Excerpt 1)  
- ""Verification of documents submitted by the candidate"" (Excerpt 2)  
- ""Coordinate with the IT office"" (Excerpt 4)  
- ""Ensure compliance with legal and ethical standards"" (Excerpt 5)

These points collectively guide the configuration process effectively.","2026-04-24T23:04:17.771614100"
"5699bf18-cdf4-4347-af22-6ce8636d60e0","user","Employee Requisition Form","2026-04-24T23:06:33.176384400"
"5699bf18-cdf4-4347-af22-6ce8636d60e0","assistant","Based on the provided document excerpts, the **Employee Requisition Form (ERF)** is a critical document in the recruitment process. According to **Excerpt 1 (BU_HR_Manual_.pdf)**, the ERF is initiated by the Dean and must be approved by the Vice Chancellor before the recruitment process can begin. This form serves as the formal request for filling vacant positions within the organization.

In **Excerpt 2**, it is further clarified that the ERF must include details of the position(s) to be filled. This ensures that all necessary information is documented before proceeding with the hiring process.

Additionally, **Excerpt 3** highlights the importance of maintaining certain documents, such as the acknowledgment of the appointment letter and the terms and conditions of employment, which are essential for compliance and record-keeping.

The **Excerpt 4** emphasizes the need to retain the acknowledged copy of the appointment letter and the annexure of employment terms in the personnel records, along with a digitized copy for reference.

Finally, **Excerpt 5** outlines the next steps after all formalities are completed, including the issuance of a relieving letter signed by HR and a service certificate upon request.

In summary, the ERF is a formal mechanism for requesting positions, and its completion is essential for a smooth recruitment process. The relevant information is consistently reinforced across the excerpts, ensuring clarity and compliance.

**Quote from relevant document:**  
""Employee Requisition Form (ERF) contains details of the position(s) to be filled"" – *Excerpt 2 (BU_HR_Manual_.pdf)*.

Let me know if you need further clarification or assistance with any specific section.","2026-04-24T23:06:33.178367400"
"e60435d4-108f-421e-b576-6345fec3874e","user","Employee Requisition Form","2026-04-24T23:06:36.423123700"
"e60435d4-108f-421e-b576-6345fec3874e","assistant","Based on the provided document excerpts, the **Employee Requisition Form (ERF)** is a critical document used within the recruitment process. According to **Excerpt 1 (BU_HR_Manual_.pdf)**, the ERF is initiated by the Dean and must be duly approved by the Vice Chancellor before the recruitment process can begin. This form includes essential details about the position(s) that need to be filled. 

In **Excerpt 2**, it is clarified that the ERF serves as the starting point for the recruitment process, ensuring that all necessary steps are documented and authorized. 

Furthermore, **Excerpt 3** highlights that the ERF is part of the broader set of employment-related documents, which also include salary accounts, ID card generation, and other statutory requirements such as the PF Nomination Form. 

The **Excerpt 4** emphasizes the importance of maintaining the ERF and related documents in personnel records, including the acknowledgment of the appointment letter and terms of employment. 

Lastly, **Excerpt 5** outlines the final steps post-approval, such as providing a relieving letter and a service certificate upon completion of all formalities.

**Relevant Quote:**  
""EMPLOYEE REQUISITION FORM (ERF) contains details of the position(s) to be filled"" – *Excerpt 1*.

No other documents were found to directly address the specifics of the ERF in this context. 

Let me know if you need further clarification or assistance with this process.","2026-04-24T23:06:36.423123700"
"dec02cec-4c17-48aa-9a15-4d2c448ad9d0","user","What is the leave policy?","2026-04-24T23:06:47.064192"
"dec02cec-4c17-48aa-9a15-4d2c448ad9d0","assistant","Based on the provided document excerpts, the **leave policy** outlined in the Bennett University Manual emphasizes several key points:

1. **Leave Application Requirement**: According to **Excerpt 2**, ""Leave should always be applied for and sanctioned before it is availed, except in cases of emergency and for satisfactory reasons."" This indicates that leave must be formally requested and approved by the controlling authority, with exceptions only for emergencies and valid reasons.

2. **Refusal of Leave**: As stated in **Excerpt 3**, ""Leave is not a matter of right and can be refused by the Controlling Authority without assigning any reason."" This clarifies that the authority has the right to deny leave without providing a justification.

3. **Specific Leave Types**: **Excerpt 5** specifies that ""The leave shall not be combined with any other type of leave except EL up to a maximum of 90 days as an extension of Sabbatical Leave."" This highlights the importance of understanding the different types of leave available and adhering to the specified limits.

4. **Extension of Leave**: **Excerpt 4** further clarifies that ""Leave is not a matter of right and can be refused by the Controlling Authority without assigning any reason,"" reinforcing the need for proper justification and approval.

In summary, the leave policy requires that all leave be requested, sanctioned, and documented appropriately, with the authority having the final decision on approval or refusal. The policy also restricts the combination of leave types and sets clear limits on leave extensions.

**Quotes from relevant excerpts:**
- ""Leave should always be applied for and sanctioned before it is availed"" – Excerpt 2
- ""Leave is not a matter of right and can be refused by the Controlling Authority without assigning any reason"" – Excerpt 3
- ""Leave shall not be combined with any other type of leave except EL"" – Excerpt 5

These excerpts collectively define a structured and formalized approach to managing leave within the university's human resources policies.","2026-04-24T23:06:47.064192"
"eb3ab354-ed7f-4264-b4c4-5869ffde65ec","user","How do I configure Kubernetes pods?","2026-04-24T23:06:55.996232800"
"eb3ab354-ed7f-4264-b4c4-5869ffde65ec","assistant","I'm sorry, but I couldn't find any relevant document excerpts that address how to configure Kubernetes pods. The provided information does not contain specific details about Kubernetes pod configuration. For accurate guidance, I recommend consulting official Kubernetes documentation or relevant resources. 

If you have further questions or need clarification on related topics, feel free to ask! 

Source: None available for this query.","2026-04-24T23:06:55.997792500"
"conv-1777052250821","user","Employee Requisition Form","2026-04-24T23:07:33.767614"
"conv-1777052250821","assistant","Based on the provided document excerpts, the **Employee Requisition Form (ERF)** plays a critical role in the recruitment process. According to **Excerpt 1 (BU_HR_Manual_.pdf)**, the ERF is initiated by the Dean and must be approved by the Vice Chancellor before the recruitment process can begin. This form contains essential details about the position(s) to be filled, ensuring clarity and alignment with organizational needs.

In **Excerpt 2**, it is further clarified that the ERF is a formal document that outlines the recruitment requirements and serves as a precursor to the next steps in hiring. The form is not just a formality but a structured tool for managing personnel transitions.

Additionally, **Excerpt 5** emphasizes that once all formalities are completed, the employee will receive a relieving letter signed by HR, along with a service certificate upon request. This reinforces the importance of maintaining accurate records and ensuring proper documentation throughout the process.

In summary, the ERF is a vital step in the employee recruitment process, as outlined in the provided documents. It ensures that all necessary steps are followed, and it supports the smooth transition of employees into their new roles.

**Quote from relevant document:**  
""The recruitment process begins after raising an Employee Requisition Form (ERF) by the Dean and duly approved by the Vice Chancellor."" – *BU_HR_Manual_.pdf*

Let me know if you need further details or assistance with any specific section.","2026-04-24T23:07:33.768612500"
